drag_force_n,buoyancy_force_n,effective_velocity_ms,torque_required_nm,torque_margin_nm,cavitation_risk,gm_m,stability_warning,environment_mode
245.9219668974527,4568.303917398243,3.276875650980985,151.76898528528508,-41.76898528528508,False,0.07750000000000001,False,real
258.59753682672397,4568.303917398243,3.360264713646561,159.59162272734963,-49.59162272734963,False,0.07750000000000001,False,real
251.1346968802684,4568.303917398243,3.311422985990767,154.98598436039418,-44.985984360394184,False,0.07750000000000001,False,real
242.289680075398,4568.303917398243,3.2525857707256365,149.5273454179599,-39.52734541795991,False,0.07750000000000001,False,real
227.84275829246928,4568.303917398243,3.15412509874435,140.6115308319239,-30.611530831923886,False,0.07750000000000001,False,real
